{
  "epochs": [
    1,
    2,
    3,
    4,
    5,
    6,
    7,
    8,
    9,
    10,
    11,
    12,
    13,
    14,
    15,
    16,
    17,
    18,
    19,
    20,
    21,
    22,
    23,
    24,
    25,
    26,
    27,
    28,
    29,
    30,
    31,
    32,
    33,
    34,
    35,
    36,
    37,
    38,
    39,
    40,
    41,
    42,
    43,
    44,
    45,
    46,
    47,
    48,
    49,
    50,
    51,
    52,
    53,
    54,
    55,
    56,
    57,
    58,
    59,
    60,
    61,
    62,
    63,
    64,
    65,
    66,
    67,
    68,
    69,
    70,
    71,
    72,
    73,
    74,
    75,
    76,
    77,
    78,
    79,
    80,
    81,
    82,
    83,
    84,
    85,
    86,
    87,
    88,
    89,
    90,
    91,
    92,
    93,
    94,
    95,
    96,
    97,
    98,
    99,
    100
  ],
  "train_box_loss": [
    0.29377,
    0.18976,
    0.23149,
    0.23326,
    0.20068,
    0.18697,
    0.16466,
    0.1546,
    0.14922,
    0.14139,
    0.1321,
    0.12403,
    0.121,
    0.1134,
    0.11347,
    0.10852,
    0.10231,
    0.09988,
    0.09652,
    0.09586,
    0.09139,
    0.08898,
    0.08881,
    0.08659,
    0.08466,
    0.08292,
    0.08065,
    0.07898,
    0.0787,
    0.07613,
    0.07477,
    0.07295,
    0.07039,
    0.07039,
    0.06757,
    0.06627,
    0.06767,
    0.06681,
    0.06415,
    0.06326,
    0.06327,
    0.06077,
    0.06235,
    0.05945,
    0.05954,
    0.06035,
    0.0572,
    0.05577,
    0.0564,
    0.05387,
    0.05352,
    0.05438,
    0.05326,
    0.0534,
    0.05146,
    0.05299,
    0.05164,
    0.05045,
    0.0494,
    0.04881,
    0.04785,
    0.04817,
    0.04516,
    0.04524,
    0.04469,
    0.04515,
    0.04291,
    0.04375,
    0.04185,
    0.04122,
    0.03972,
    0.03933,
    0.03859,
    0.03838,
    0.03765,
    0.03781,
    0.03636,
    0.03622,
    0.03589,
    0.03471,
    0.03387,
    0.03262,
    0.03281,
    0.03224,
    0.03174,
    0.03133,
    0.02983,
    0.02926,
    0.0286,
    0.02862,
    0.02708,
    0.02316,
    0.02171,
    0.02168,
    0.0189,
    0.01852,
    0.0175,
    0.01639,
    0.01522,
    0.015
  ],
  "train_cls_loss": [
    1.65744,
    0.85028,
    0.7369,
    0.63311,
    0.56867,
    0.5183,
    0.47733,
    0.46242,
    0.44454,
    0.43095,
    0.41744,
    0.39769,
    0.39176,
    0.37288,
    0.3734,
    0.35686,
    0.35024,
    0.34872,
    0.33893,
    0.33009,
    0.32281,
    0.31675,
    0.32453,
    0.31563,
    0.31089,
    0.30064,
    0.29683,
    0.29633,
    0.29908,
    0.28713,
    0.28511,
    0.28223,
    0.27957,
    0.2743,
    0.26751,
    0.26761,
    0.26814,
    0.26108,
    0.26204,
    0.25811,
    0.25974,
    0.2467,
    0.25201,
    0.25165,
    0.25009,
    0.24993,
    0.24252,
    0.23958,
    0.23683,
    0.23615,
    0.22736,
    0.23962,
    0.23201,
    0.22295,
    0.21994,
    0.22935,
    0.22481,
    0.22717,
    0.21598,
    0.21977,
    0.2138,
    0.21926,
    0.21016,
    0.20617,
    0.2071,
    0.20591,
    0.1999,
    0.19943,
    0.20035,
    0.20034,
    0.19065,
    0.19085,
    0.19101,
    0.19154,
    0.18992,
    0.18992,
    0.18577,
    0.1844,
    0.17767,
    0.17737,
    0.17723,
    0.16951,
    0.17589,
    0.17191,
    0.17009,
    0.16499,
    0.16236,
    0.16032,
    0.16344,
    0.16431,
    0.07211,
    0.04925,
    0.04377,
    0.04365,
    0.03863,
    0.03473,
    0.03105,
    0.03317,
    0.03118,
    0.03181
  ],
  "train_dfl_loss": [
    1.05012,
    0.94034,
    0.95673,
    0.95352,
    0.93755,
    0.93335,
    0.92542,
    0.91995,
    0.91983,
    0.91623,
    0.91272,
    0.90992,
    0.90858,
    0.9044,
    0.90644,
    0.90415,
    0.90322,
    0.90325,
    0.89989,
    0.90213,
    0.89962,
    0.90099,
    0.89938,
    0.8994,
    0.89801,
    0.90073,
    0.8964,
    0.89808,
    0.89548,
    0.89345,
    0.897,
    0.8941,
    0.89353,
    0.89577,
    0.89362,
    0.89436,
    0.89161,
    0.8937,
    0.89179,
    0.89599,
    0.89424,
    0.89219,
    0.89596,
    0.8939,
    0.89226,
    0.89549,
    0.88981,
    0.89134,
    0.88924,
    0.89185,
    0.88966,
    0.89226,
    0.89072,
    0.88973,
    0.89023,
    0.89195,
    0.89179,
    0.89129,
    0.89144,
    0.89053,
    0.89303,
    0.88885,
    0.88886,
    0.8898,
    0.89008,
    0.88944,
    0.88809,
    0.88742,
    0.88943,
    0.8893,
    0.88743,
    0.88986,
    0.88882,
    0.88947,
    0.88899,
    0.88871,
    0.88605,
    0.89101,
    0.88819,
    0.8882,
    0.88504,
    0.88319,
    0.88801,
    0.88603,
    0.8858,
    0.8878,
    0.88683,
    0.88774,
    0.88611,
    0.88628,
    0.90081,
    0.89928,
    0.89834,
    0.90482,
    0.90125,
    0.89671,
    0.89913,
    0.89797,
    0.89839,
    0.89621
  ],
  "train_total_loss": [
    3.0013300000000003,
    1.98038,
    1.92512,
    1.81989,
    1.7069,
    1.63862,
    1.56741,
    1.5369700000000002,
    1.51359,
    1.48857,
    1.46226,
    1.4316399999999998,
    1.42134,
    1.39068,
    1.39331,
    1.3695300000000001,
    1.3557700000000001,
    1.35185,
    1.33534,
    1.32808,
    1.31382,
    1.3067199999999999,
    1.3127199999999999,
    1.30162,
    1.29356,
    1.28429,
    1.27388,
    1.27339,
    1.27326,
    1.25671,
    1.25688,
    1.24928,
    1.24349,
    1.24046,
    1.2287,
    1.22824,
    1.22742,
    1.22159,
    1.2179799999999998,
    1.21736,
    1.21725,
    1.1996600000000002,
    1.21032,
    1.205,
    1.2018900000000001,
    1.20577,
    1.18953,
    1.18669,
    1.18247,
    1.18187,
    1.17054,
    1.18626,
    1.17599,
    1.16608,
    1.16163,
    1.17429,
    1.16824,
    1.1689100000000001,
    1.15682,
    1.15911,
    1.15468,
    1.15628,
    1.14418,
    1.14121,
    1.14187,
    1.1405,
    1.1309,
    1.1306,
    1.1316300000000001,
    1.13086,
    1.1178000000000001,
    1.12004,
    1.11842,
    1.1193899999999999,
    1.11656,
    1.11644,
    1.10818,
    1.11163,
    1.10175,
    1.10028,
    1.0961400000000001,
    1.08532,
    1.0967099999999999,
    1.09018,
    1.08763,
    1.08412,
    1.07902,
    1.07732,
    1.07815,
    1.07921,
    1.0,
    0.9716899999999999,
    0.96382,
    0.97015,
    0.95878,
    0.94996,
    0.94768,
    0.94753,
    0.94479,
    0.94302
  ],
  "val_box_loss": [
    0.23722,
    0.23594,
    0.33635,
    0.2646,
    0.32342,
    0.35409,
    0.26721,
    0.27963,
    0.27765,
    0.27713,
    0.20259,
    0.22061,
    0.22823,
    0.21631,
    0.23066,
    0.25696,
    0.194,
    0.22716,
    0.21037,
    0.17602,
    0.21664,
    0.18981,
    0.19997,
    0.15802,
    0.22199,
    0.19543,
    0.18503,
    0.24763,
    0.21813,
    0.17891,
    0.23817,
    0.21645,
    0.18165,
    0.20827,
    0.21983,
    0.23427,
    0.17644,
    0.17981,
    0.15206,
    0.15831,
    0.18383,
    0.19014,
    0.19442,
    0.14558,
    0.17701,
    0.18018,
    0.19296,
    0.16918,
    0.17785,
    0.17038,
    0.16643,
    0.18122,
    0.15302,
    0.16194,
    0.1505,
    0.16448,
    0.15476,
    0.16242,
    0.14492,
    0.16394,
    0.16052,
    0.15224,
    0.16673,
    0.17556,
    0.16044,
    0.15236,
    0.15876,
    0.16954,
    0.15695,
    0.16014,
    0.14606,
    0.14479,
    0.14841,
    0.12471,
    0.13448,
    0.13447,
    0.13606,
    0.15064,
    0.15475,
    0.14304,
    0.14491,
    0.13959,
    0.14337,
    0.14123,
    0.14078,
    0.14728,
    0.14388,
    0.13817,
    0.14192,
    0.13804,
    0.1392,
    0.13968,
    0.13742,
    0.13881,
    0.13981,
    0.13744,
    0.13746,
    0.13642,
    0.13472,
    0.13411
  ],